<?xml version="1.0" encoding="UTF-8"?>
<beans xmlns="http://www.springframework.org/schema/beans"
	xmlns:xsi="http://www.w3.org/2001/XMLSchema-instance"
	xmlns:util="http://www.springframework.org/schema/util"
	xmlns:context="http://www.springframework.org/schema/context"
	xmlns:mvc="http://www.springframework.org/schema/mvc"
	xsi:schemaLocation="
        http://www.springframework.org/schema/beans http://www.springframework.org/schema/beans/spring-beans.xsd
        http://www.springframework.org/schema/util http://www.springframework.org/schema/util/spring-util.xsd
        http://www.springframework.org/schema/context http://www.springframework.org/schema/context/spring-context.xsd
        http://www.springframework.org/schema/mvc http://www.springframework.org/schema/mvc/spring-mvc.xsd">

	<context:annotation-config />
	<mvc:annotation-driven/>
	<context:component-scan base-package="com.awcsoftware.controller"/>
	<context:component-scan base-package="com.awcsoftware.services"/>
	<context:component-scan base-package="com.awcsoftware.dao.impl"/>
	<context:component-scan base-package="com.awcsoftware.dto"/>
	<context:component-scan base-package="com.awcsoftware.dto.mapper"/>
	<context:component-scan base-package="com.awcsoftware.dmsapi"/>
	<context:component-scan base-package="com.awcsoftware.base64"/>
	
	<bean class="org.apache.tika.Tika"/>
	<bean class="ISPack.ISUtil.JPISIsIndex" scope="prototype"/>
	<bean class="ISPack.ISUtil.JPDBRecoverDocData" scope="prototype"/>
	<bean class="com.newgen.dmsapi.DMSXmlResponse" scope="prototype"/>
	<bean class="com.newgen.dmsapi.DMSInputXml" scope="prototype"/>
	<bean class="java.util.ArrayList" id="responseList" scope="prototype"/>
	<bean class="java.util.ArrayList" id="fileList" scope="prototype"/>
	<bean class="java.util.ArrayList" id="downloadList" scope="prototype"/>
	<bean class="java.util.ArrayList" id="docIdList" scope="prototype"/>
	<bean class="java.util.ArrayList" id="jsonObject" scope="prototype"/>
	<bean class="Jdts.DataObject.JPDBString" scope="prototype"/>
	<bean class="java.io.ByteArrayOutputStream" scope="prototype"/>
	
	<bean class="org.springframework.beans.factory.config.MethodInvokingFactoryBean">
		<property name="staticMethod" value="com.awcsoftware.services.PropertiesReader.setProp"/>
		<property name="arguments">
			<util:properties location="classpath:db.properties"/>
		</property>
	</bean>
	
	<bean class="org.springframework.jdbc.core.JdbcTemplate">
		<property name="dataSource">
			<bean class="org.apache.commons.dbcp2.BasicDataSource">
				<property name="driver">
					<bean class="com.microsoft.sqlserver.jdbc.SQLServerDriver"/>
				</property>
				<property name="url" value="jdbc:sqlserver://10.28.1.17:1433;databaseName=piramal"/>
				<property name="username" value="awcsupport"/>
				<property name="password" value="Un!c0rn@"/>
				<property name="maxIdle" value="10"/>
				<property name="minIdle" value="5"/>
			</bean>
		</property>
	</bean>
	
</beans>